Date,KOSDAQ,ECHOPRO_BM,HANA_METERIALS,SM_ENTER,JYP_ENTER,PERARLABYSS,SEOUL_SMC
2019-12-30,,13059,18950,38450,24150,37040,16250
2019-12-27,,12738,18950,37750,23850,37380,15600
2019-12-26,,12492,19050,37200,23500,37700,15600
2019-12-24,,11999,18800,36200,22900,36800,15500
2019-12-23,,12024,18900,36700,23000,37200,15250
2019-12-20,,11999,18950,37100,23000,36960,15000
2019-12-19,,12011,18800,37050,23150,36720,14650
2019-12-18,,11962,18950,36950,23000,36900,14850
2019-12-17,,12221,19150,37050,22550,37800,14850
2019-12-16,,12147,18500,36600,22500,37640,14150
2019-12-13,,12307,18150,37000,22400,38400,14400
2019-12-12,,12184,16800,36600,21950,38500,14050
2019-12-11,,12122,16150,36200,21900,36920,14050
2019-12-10,,12098,16000,36200,21700,37540,14000
2019-12-09,,12393,16350,37050,21700,37900,14050
2019-12-06,,12073,16500,37100,22000,38800,14050
2019-12-05,,11876,15850,36950,21750,38340,13700
2019-12-04,,11839,15850,36750,21750,38340,13450
2019-12-03,,12443,16250,36700,22050,37700,13500
2019-12-02,,12443,15900,38300,22350,37920,13500
2019-11-29,,12283,15950,38400,22200,37060,13250
2019-11-28,,12541,16200,36900,22150,36540,13450
2019-11-27,,13108,16750,37950,22250,37160,13800
2019-11-26,,13083,17050,38000,22750,36240,14350
2019-11-25,,13182,17050,38550,22900,36120,13550
2019-11-22,,13133,16500,38050,21950,35580,12950
2019-11-21,,12517,16050,38000,22200,35580,13050
2019-11-20,,12911,16300,39000,22900,36220,13400
2019-11-19,,12788,16800,39300,23500,37500,13650
2019-11-18,,12689,17150,39650,23500,38320,13750
2019-11-15,,12541,16850,39100,22700,39680,13950
2019-11-14,,12061,16750,39400,22100,39800,13700
2019-11-13,,11999,15900,36950,21200,40960,13600
2019-11-12,,12221,16400,38500,21500,41200,14000
2019-11-11,,12541,15900,39400,21850,40800,13950
2019-11-08,,12467,16250,38150,21800,39980,14000
2019-11-07,,12418,16450,38350,22250,39380,13700
2019-11-06,,12689,16800,38300,22400,40600,13800
2019-11-05,,12615,17150,38450,22100,41580,13650
2019-11-04,,12615,17850,37800,22650,43000,13450
2019-11-01,,12615,16850,37400,22650,44000,12950
2019-10-31,,12689,16950,37100,22400,43320,13400
2019-10-30,,12738,17000,37050,22600,43760,13450
2019-10-29,,12615,17850,35700,22700,42400,13600
2019-10-28,,12886,17050,35400,22100,42500,13650
2019-10-25,,11888,18550,35300,21800,42600,13500
2019-10-24,,12172,17500,36000,22250,41660,13350
2019-10-23,,11667,17300,35700,21450,41100,13400
2019-10-22,,11827,15850,35650,21600,41400,13350
2019-10-21,,11802,16350,34750,21350,41600,13000
2019-10-18,,12258,16150,35300,21350,41500,13150
2019-10-17,,12184,16450,36000,21700,41340,13350
2019-10-16,,12467,16450,35650,22050,40000,13350
2019-10-15,,12295,16300,37150,22500,39540,13600
2019-10-14,,12443,15150,37250,22550,39920,13800
2019-10-11,,12024,14050,34450,21350,40160,13500
2019-10-10,,12073,14250,34300,21000,39940,13600
2019-10-08,,11531,13700,35050,21250,39980,13500
2019-10-07,,11124,13600,35500,21750,39800,13150
2019-10-04,,11654,13900,34150,21800,40600,13450
2019-10-02,,11925,13800,34600,22000,41080,13600
2019-10-01,,12307,14150,35250,22100,40180,13950
2019-09-30,,12172,13800,33300,21550,39600,13850
2019-09-27,,12196,13850,33450,22000,39800,14250
2019-09-26,,11925,14050,32850,21750,39660,14050
2019-09-25,,12184,14000,31150,21600,39420,14100
2019-09-24,,12935,14200,32300,22250,39260,14200
2019-09-23,,12935,14000,32800,22900,39120,14050
2019-09-20,,13133,14250,32450,22700,39420,14550
2019-09-19,,12960,14450,31900,22950,39200,15200
2019-09-18,,12911,13650,32200,22700,38760,15150
2019-09-17,,12985,13500,31700,21850,38460,15150
2019-09-16,,13453,13550,31950,22000,38400,15300
2019-09-11,,13206,13800,31650,21850,39080,14950
2019-09-10,,13280,13800,31750,21100,39320,15100
2019-09-09,,13083,13800,31050,19950,40080,14900
2019-09-06,,13699,13800,30400,19000,39800,14950
2019-09-05,,13995,14100,30750,19350,40000,15150
2019-09-04,,13946,13350,30500,19150,39680,14600
2019-09-03,,14167,12250,30300,19250,38820,14500
2019-09-02,,14192,12300,29900,19450,38740,14550
2019-08-30,,14636,12300,29800,19150,38940,14750
2019-08-29,,14611,12100,29100,18900,37200,14250
2019-08-28,,14586,12150,29100,19050,36520,14550
2019-08-27,,13872,12250,27950,17650,35980,14050
2019-08-26,,13822,12250,27050,16950,35000,13750
2019-08-23,,14537,13050,29000,18350,36840,14200
2019-08-22,,14438,13350,29800,19350,35500,14250
2019-08-21,,14291,13050,30350,19350,35980,14550
2019-08-20,,14241,12550,29000,18350,35040,14450
2019-08-19,,12985,12350,28750,17650,34400,14150
2019-08-16,,12886,12500,28250,18150,34000,13950
2019-08-14,,13182,12450,29800,18800,35160,14000
2019-08-13,,12640,12300,29950,18250,35120,14000
2019-08-12,,13059,12250,30050,18700,35000,14100
2019-08-09,,13133,12250,30650,18600,34560,14050
2019-08-08,,13206,12550,30850,18900,34400,13950
2019-08-07,,12566,11950,29800,17850,32140,13450
2019-08-06,,12159,12500,29500,17650,32460,13450
2019-08-05,,12541,13000,29650,17750,33200,13200
2019-08-02,,13822,13850,32400,20200,34780,13600
2019-08-01,,13896,14000,32550,21000,34440,14400
2019-07-31,,14217,13850,35400,20350,34320,16150
2019-07-30,,13798,13650,34750,19900,33660,16050
2019-07-29,,13379,13450,33800,19850,33080,15800
2019-07-26,,14020,14200,35650,21400,34320,16550
2019-07-25,,14069,14600,35150,20650,34700,16550
2019-07-24,,14364,14700,35950,20600,34700,17000
2019-07-23,,14291,15550,35500,20650,35480,17200
2019-07-22,,15227,15600,35400,20800,36020,17200
2019-07-19,,15596,15050,36750,21200,36480,17150
2019-07-18,,15744,15000,35900,20750,36880,17050
2019-07-17,,16089,15200,36400,20700,37100,17800
2019-07-16,,15596,15600,37550,21600,37140,18000
2019-07-15,,15646,15150,38250,22000,37600,18000
2019-07-12,,15621,14650,38200,22500,38260,17950
2019-07-11,,14636,14450,38350,22950,38500,18100
2019-07-10,,13995,14300,38450,23050,39800,17500
2019-07-09,,13822,13600,37800,21900,39500,17500
2019-07-08,,13896,13050,38500,22600,39720,17550
2019-07-05,,14783,14250,39800,24000,39720,18000
2019-07-04,,14833,15100,39650,23150,40080,18100
2019-07-03,,14734,15150,40000,22550,39780,18300
2019-07-02,,14389,14700,40500,23150,40940,18350
2019-07-01,,14759,14900,40250,23050,40700,18400
2019-06-28,,14709,14550,41600,23900,42460,18050
2019-06-27,,14611,14850,41300,24200,42460,18100
2019-06-26,,14463,14050,41250,23950,42320,18000
2019-06-25,,14636,14000,41850,24150,42640,18150
2019-06-24,,14315,14400,43100,23900,44340,18200
2019-06-21,,14438,14200,44600,25150,44700,18500
2019-06-20,,14438,14650,44950,25650,45180,19800
2019-06-19,,14266,14800,44200,25650,44940,19450
2019-06-18,,14783,14050,44900,25450,44800,19350
2019-06-17,,15621,14200,45500,25550,45260,19500
2019-06-14,,15892,14600,45800,25450,44840,19300
2019-06-13,,16286,15250,46750,26000,44280,19050
2019-06-12,,16212,15600,45750,26400,42300,18800
2019-06-11,,16385,16350,46800,26750,41260,19300
2019-06-10,,16212,16000,47950,26300,41800,18950
2019-06-07,,16508,15600,47800,26300,40460,19100
2019-06-05,,16040,15100,45350,26200,39220,19200
2019-06-04,,15892,14650,43600,26000,39020,18700
2019-06-03,,15276,14900,43250,25550,39780,18600
2019-05-31,,14734,14600,42800,25500,39540,18600
2019-05-30,,15375,14950,42250,25900,39280,19100
2019-05-29,,14562,14850,37650,25050,39000,18150
2019-05-28,,14586,15450,37650,25700,39880,17500
2019-05-27,,14537,14750,37600,25500,38180,17350
2019-05-24,,13921,14350,38200,25350,38900,17400
2019-05-23,,13773,14500,38800,25500,38940,17900
2019-05-22,,13527,14900,39350,26250,39080,18000
2019-05-21,,13157,14900,40050,26850,38000,18200
2019-05-20,,13280,14800,41000,27600,36120,17900
2019-05-17,,13822,15750,40850,27650,36480,18300
2019-05-16,,14364,15250,41500,28650,36460,17900
2019-05-15,,14537,15800,41400,28900,36500,18050
2019-05-14,,13551,15450,40900,27750,35620,17700
2019-05-13,,13946,15300,39050,27250,35800,17400
2019-05-10,,14537,15450,38950,27550,33940,17900
2019-05-09,,14438,15700,38200,27200,33560,17800
2019-05-08,,15596,16300,40600,28900,35100,18300
2019-05-07,,15867,16550,41550,29100,33460,18250
2019-05-03,,16089,16950,42400,29750,34000,18950
2019-05-02,,15794,17050,41500,29800,34200,19200
2019-04-30,,15276,17050,41350,29800,34860,19150
2019-04-29,,15350,17200,40350,29300,33980,19750
2019-04-26,,15178,17150,40100,29350,34000,18800
2019-04-25,,15449,18050,40400,29800,33520,19000
2019-04-24,,15449,17400,41000,30550,34300,19150
2019-04-23,,15744,17250,41300,30850,34520,19450
2019-04-22,,15892,17150,41450,31550,35060,19300
2019-04-19,,15596,17800,41000,30900,36020,20250
2019-04-18,,15523,18100,41200,30550,36360,20400
2019-04-17,,15523,18900,41900,31250,37480,20050
2019-04-16,,15424,18900,41850,31500,36720,20350
2019-04-15,,15744,18600,41400,31350,37340,20350
2019-04-12,,16262,18950,41150,31500,37380,20300
2019-04-11,,16508,19150,41000,31550,36660,20050
2019-04-10,,16311,19300,40300,31400,36260,19900
2019-04-09,,15966,19700,40100,31950,36640,19500
2019-04-08,,15646,19800,40850,32050,36340,21300
2019-04-05,,14685,20150,40500,32500,36300,21650
2019-04-04,,15005,19700,40600,32450,36240,21450
2019-04-03,,15054,19600,40850,32500,35880,21450
2019-04-02,,14586,19150,40100,32300,34140,21400
2019-04-01,,15005,19350,39350,30600,33440,21150
2019-03-29,,15054,17850,39400,30800,33600,20650
2019-03-28,,15424,17350,38650,29800,34460,20800
2019-03-27,,17370,18600,38400,29750,32140,20700
2019-03-26,,16828,19550,39150,29950,31980,20550
2019-03-25,,16607,19450,38050,29400,31560,20700
2019-03-22,,17223,20750,38750,29450,32460,21400
2019-03-21,,17986,19350,38200,29200,32440,21200
2019-03-20,,17592,19450,38950,29300,170400,21500
2019-03-19,,17912,19100,39200,28900,173000,21150
2019-03-18,,16656,19550,39500,28550,183900,21350
2019-03-15,,16853,19300,37900,28150,185300,21900
2019-03-14,,17247,19150,39200,29050,179900,21500
2019-03-13,,16262,18750,39900,30000,184500,22100
2019-03-12,,16557,19000,39050,29950,184100,22250
2019-03-11,,17050,18250,40550,31200,182300,21750
2019-03-08,,17223,18150,45300,30100,170300,22050
2019-03-07,,17247,18550,44900,29350,169300,22150
2019-03-06,,16927,18300,46950,30000,166800,24550
2020-12-30,,41911,28600,29750,38400,52060,20550
2020-12-29,,41640,27150,29450,38650,54320,19800
2020-12-28,,40802,26500,29400,38500,56000,19400
2020-12-24,,40556,26550,28950,37050,53700,19400
2020-12-23,,39422,26200,28400,37150,52960,19450
2020-12-22,,39447,26000,28100,35350,51120,18800
2020-12-21,,40654,26750,28800,36750,53540,19250
2020-12-18,,40137,27050,29150,37300,53740,19950
2020-12-17,,40408,26950,29200,37100,54280,20400
2020-12-16,,38782,25500,29550,38100,54000,20350
2020-12-15,,37624,24900,29600,38050,50480,20300
2020-12-14,,37599,24800,29750,38200,51780,19400
2020-12-11,,38658,25050,30100,38750,48680,19700
2020-12-10,,37624,25700,30050,38600,48240,19550
2020-12-09,,37599,25400,30350,38050,47300,19350
2020-12-08,,36687,24600,30000,37900,47860,18900
2020-12-07,,36466,24850,29700,39150,47300,18900
2020-12-04,,36811,24700,30250,40650,45160,19100
2020-12-03,,37131,24850,31250,43250,47700,18900
2020-12-02,,37402,25600,29900,39150,41800,18600
2020-12-01,,37180,24550,29950,39350,41940,18600
2020-11-30,,37303,24700,29700,37950,41420,18750
2020-11-27,,37993,24900,30000,39300,41660,18750
2020-11-26,,37427,25000,30100,39000,43000,18450
2020-11-25,,36786,24550,29900,39900,41980,18350
2020-11-24,,37624,25350,30200,39000,41480,18600
2020-11-23,,37131,25600,30300,39950,42000,19150
2020-11-20,,37279,25150,30450,39900,42220,19050
2020-11-19,,37599,25700,29900,39800,42140,18350
2020-11-18,,36219,24900,30600,39850,42420,18400
2020-11-17,,35677,24800,30500,37950,41100,18150
2020-11-16,,35283,25150,32400,38100,40340,18350
2020-11-13,,35973,23050,32000,35900,40040,17950
2020-11-12,,36096,23200,32200,34850,39980,18200
2020-11-11,,36047,22850,31650,34950,39120,18100
2020-11-10,,37057,23400,31600,35850,39760,18550
2020-11-09,,37205,24150,30650,35150,40580,18050
2020-11-06,,35406,24150,30350,34450,40140,18000
2020-11-05,,35209,24100,31050,35300,41000,18300
2020-11-04,,33312,23800,30000,33400,40840,17900
2020-11-03,,33041,22550,29650,32500,40600,18100
2020-11-02,,31168,21500,29250,31700,40120,17800
2020-10-30,,30651,21500,28800,30550,40100,17450
2020-10-29,,31144,22050,29800,31850,41780,18400
2020-10-28,,30454,21800,30100,32950,41020,18350
2020-10-27,,29444,21100,29000,32200,40580,18000
2020-10-26,,28088,20500,28750,31600,40060,18650
2020-10-23,,29986,21550,29600,32750,40320,18200
2020-10-22,,30725,21850,29850,32550,40240,18150
2020-10-21,,31218,22150,31200,33800,40200,19100
2020-10-20,,31587,22100,30400,33400,41680,18700
2020-10-19,,31489,22350,30400,33500,41300,18400
2020-10-16,,32523,22900,30850,34550,41220,18350
2020-10-15,,32031,23050,31850,34050,41840,18850
2020-10-14,,32178,23350,34150,35950,41800,19400
2020-10-13,,32351,24450,34300,36600,42700,20150
2020-10-12,,32992,24100,33400,34900,42560,18550
2020-10-08,,33189,24550,33350,35950,43200,18450
2020-10-07,,32918,25250,33950,36800,42360,18600
2020-10-06,,33238,24350,33850,36550,41060,17550
2020-10-05,,33534,24400,33900,36450,40460,17550
2020-09-29,,33657,24550,35800,38250,40440,17150
2020-09-28,,32893,24650,35900,38150,39000,17050
2020-09-25,,31218,23500,33650,34700,38760,16700
2020-09-24,,31489,23050,33750,35350,38100,16700
2020-09-23,,34790,23150,35350,38300,38460,17400
2020-09-22,,36613,21900,34600,36900,38000,16950
2020-09-21,,38018,22800,35000,38550,38200,17600
2020-09-18,,37008,23850,35950,40000,38620,17800
2020-09-17,,35850,23300,36100,39200,40360,17750
2020-09-16,,36466,23650,37500,40100,40500,18250
2020-09-15,,36958,24500,37650,40050,40360,18900
2020-09-14,,36958,25200,37400,39950,39980,18700
2020-09-11,,35973,25200,37800,40800,40280,18250
2020-09-10,,36466,23950,37950,40600,41220,18650
2020-09-09,,35776,22400,38500,40650,39340,18750
2020-09-08,,36342,23150,39300,42450,40200,18500
2020-09-07,,37008,22150,38600,41000,40700,18950
2020-09-04,,37796,22450,38700,40800,40860,18100
2020-09-03,,37747,23900,38850,39900,36940,18300
2020-09-02,,37599,23100,37300,37500,36560,18200
2020-09-01,,37895,22900,35750,36500,36300,18100
2020-08-31,,38190,21950,34400,34850,36400,16300
2020-08-28,,38511,22500,35050,35100,36980,16250
2020-08-27,,38905,22700,34350,35000,37100,16550
2020-08-26,,38806,23300,36050,36250,37140,16250
2020-08-25,,38486,22750,36400,35600,36940,16750
2020-08-24,,38387,21400,35950,35200,36400,16400
2020-08-21,,38190,21200,35900,34650,36100,15550
2020-08-20,,36860,20550,37600,35000,36260,15550
2020-08-19,,38190,22000,39100,36950,38420,16750
2020-08-18,,37008,21450,35500,34500,37600,16200
2020-08-14,,38018,22600,35900,36350,39280,16850
2020-08-13,,39176,22850,35750,36850,39660,17000
2020-08-12,,38930,23450,34150,34800,37540,17400
2020-08-11,,39767,23800,34850,35200,37260,17200
2020-08-10,,40014,26050,34950,35400,37300,17350
2020-08-07,,39866,26000,34400,32500,38100,17500
2020-08-06,,37648,27150,33800,32150,38520,17700
2020-08-05,,37698,27750,33100,32850,39220,18150
2020-08-04,,35825,27750,33150,31800,38040,17350
2020-08-03,,36195,26750,32500,30100,36940,17900
2020-07-31,,34544,25450,31250,29850,37700,17750
2020-07-30,,34150,26150,30250,29700,38060,17300
2020-07-29,,33755,24900,30400,31250,38700,16250
2020-07-28,,34026,24750,30200,30250,38460,15900
2020-07-27,,33755,24750,31100,30850,37720,14800
2020-07-24,,33952,24950,30200,30300,37840,14500
2020-07-23,,35480,25650,31100,31400,37900,14550
2020-07-22,,34026,25850,31000,32000,38380,14600
2020-07-21,,33558,24450,32750,31950,39560,14700
2020-07-20,,33287,23250,33750,32450,40220,14300
2020-07-17,,32573,23000,33350,31250,40680,14350
2020-07-16,,32351,22300,32000,29450,41180,14350
2020-07-15,,32573,23200,32700,29250,42740,14600
2020-07-14,,32844,23950,33650,29200,43100,13900
2020-07-13,,33829,24600,32950,28550,43400,14050
2020-07-10,,33731,24500,32500,29050,44140,14200
2020-07-09,,33952,25000,31500,28150,44400,14400
2020-07-08,,33238,24650,31500,27900,43480,14300
2020-07-07,,33139,22850,29400,24950,43740,13950
2020-07-06,,33829,21250,28600,25200,43100,14100
2020-07-03,,30774,20200,28550,24250,42560,14000
2020-07-02,,30257,20600,26650,22950,43140,13850
2020-07-01,,29690,20500,24000,21650,41780,13700
2020-06-30,,29690,20650,24250,21200,43600,13450
2020-06-29,,29887,20550,21950,19150,40900,13400
2020-06-26,,30602,20200,22800,19150,42400,13800
2020-06-25,,31094,20300,22600,19100,42300,13700
2020-06-24,,31735,21350,23500,19900,43800,14000
2020-06-23,,31809,20850,23150,19900,43600,13900
2020-06-22,,31833,20700,23150,19850,41420,14050
2020-06-19,,31907,19550,23650,20300,41540,14150
2020-06-18,,31612,18700,23500,20350,41400,13700
2020-06-17,,32844,17600,24150,20850,41380,13900
2020-06-16,,29468,17200,24200,20800,41820,13500
2020-06-15,,27645,16000,23400,20250,39380,12850
2020-06-12,,30602,17750,25500,21900,41200,14050
2020-06-11,,30552,18200,26650,22850,41640,14600
2020-06-10,,29764,18600,27500,23550,40140,14350
2020-06-09,,29222,17950,27950,23350,40500,14150
2020-06-08,,29246,18400,27900,23600,40420,14450
2020-06-05,,29197,18500,27150,23050,41400,14100
2020-06-04,,29000,18400,26850,22800,40360,14100
2020-06-03,,28064,18500,27250,23200,40920,14500
2020-06-02,,29148,18950,27200,23250,40860,14200
2020-06-01,,29370,18750,26900,23650,41080,14100
2020-05-29,,29542,17700,26000,22850,40900,13900
2020-05-28,,28261,17600,26400,22850,40180,13850
2020-05-27,,29320,18550,27450,23800,41360,14400
2020-05-26,,28951,19000,27400,23600,42200,15300
2020-05-25,,27965,19550,27000,23100,41800,13000
2020-05-22,,24639,19300,27000,22950,41460,13000
2020-05-21,,24023,19800,27650,24100,41740,13350
2020-05-20,,24245,19950,27700,23800,41960,13300
2020-05-19,,22939,18550,28100,24050,40780,13150
2020-05-18,,22914,16850,26050,21350,40700,12700
2020-05-15,,21091,17450,26050,21300,41240,12900
2020-05-14,,20845,16800,26900,21400,41420,12850
2020-05-13,,20623,16700,26900,20750,41920,13400
2020-05-12,,17937,16900,26700,20100,43100,13650
2020-05-11,,18134,17350,27600,20550,42000,13650
2020-05-08,,18184,17400,28350,20950,42000,13350
2020-05-07,,17912,17600,28350,20800,39860,13200
2020-05-06,,17715,17050,28350,20750,39460,13000
2020-05-04,,17518,16500,27200,20450,38400,12850
2020-04-29,,17986,17450,27700,20750,38460,13200
2020-04-28,,17986,16400,27950,20800,39800,13100
2020-04-27,,17888,15000,25600,20100,40140,13100
2020-04-24,,17863,14750,25150,19800,40220,12700
2020-04-23,,18356,15300,26000,20300,41040,13050
2020-04-22,,18257,14950,25700,20250,40060,12850
2020-04-21,,18184,14850,25500,20250,39340,12800
2020-04-20,,18430,15000,26150,20850,39600,13200
2020-04-17,,18726,15250,26700,21000,41360,13350
2020-04-16,,18184,14900,26700,20800,39600,13100
2020-04-14,,17001,14750,25500,20350,38640,12900
2020-04-13,,16360,14400,24800,19450,37140,12700
2020-04-10,,17124,15300,24600,19950,39200,13350
2020-04-09,,17297,15600,23200,19200,39600,13650
2020-04-08,,17124,15300,22700,19250,39040,13400
2020-04-07,,16730,14850,22550,18850,39980,13700
2020-04-06,,16631,14200,22450,18450,39600,13700
2020-04-03,,16089,13350,21150,17600,38400,13800
2020-04-02,,16089,13450,21300,17700,38300,13400
2020-04-01,,15251,13350,20350,17350,35620,11500
2020-03-31,,15104,13850,21050,17800,35800,11850
2020-03-30,,15178,13850,20800,17600,34980,11700
2020-03-27,,15153,13500,20500,17950,34180,11700
2020-03-26,,15301,13150,20200,18000,32920,11750
2020-03-25,,15695,12950,20450,18150,33600,11700
2020-03-24,,15153,12150,18500,16600,33140,11150
2020-03-23,,13970,10350,16700,15350,31520,10000
2020-03-20,,14611,11500,19450,17700,33680,10800
2020-03-19,,13379,10100,19000,16550,32240,10150
2020-03-18,,15572,11550,20500,17400,34020,11100
2020-03-17,,17444,12800,21400,17800,35320,12100
2020-03-16,,17370,12700,21700,17850,33040,12000
2020-03-13,,19243,13800,22550,17900,32840,12700
2020-03-12,,19243,14700,23400,17700,32200,13150
2020-03-11,,19317,16200,26100,19650,33920,14250
2020-03-10,,20253,16800,26550,20500,35200,14850
2020-03-09,,19095,16550,26400,19850,33700,14350
2020-03-06,,20598,17700,28300,21550,35580,15400
2020-03-05,,21042,18000,29700,23050,36040,16100
2020-03-04,,21411,17650,29750,23550,35780,16100
2020-03-03,,20894,16800,29600,22600,35120,15300
2020-03-02,,20894,16900,29700,22500,35420,15900
2020-02-28,,20031,16000,28450,21150,35440,14950
2020-02-27,,20869,16350,30100,22500,36040,15850
2020-02-26,,21559,17350,31050,23000,35960,17050
2020-02-25,,22027,17800,31550,22900,36020,17200
2020-02-24,,20992,17500,30000,21500,35580,16950
2020-02-21,,21140,18250,31500,22850,36200,17850
2020-02-20,,22569,19300,32550,23950,36240,18100
2020-02-19,,21140,19600,33100,24800,36800,18200
2020-02-18,,21017,19650,33400,25200,35880,18950
2020-02-17,,21263,20200,34050,25600,35840,18950
2020-02-14,,21805,20000,33950,25100,36200,18800
2020-02-13,,22052,19150,34000,25050,38280,17500
2020-02-12,,21682,17650,34250,25350,37780,15550
2020-02-11,,21584,17300,34100,25500,38300,15400
2020-02-10,,19218,17450,33500,25600,37860,15250
2020-02-07,,18627,17300,33950,25750,38000,15300
2020-02-06,,17247,17750,34350,25700,37580,15400
2020-02-05,,16360,17500,33850,25300,36320,15450
2020-02-04,,16040,17900,33950,25450,36820,14900
2020-02-03,,15769,17800,33250,25200,36460,14500
2020-01-31,,13034,17750,32850,24700,36320,14400
2020-01-30,,13551,18000,33650,25450,36500,14800
2020-01-29,,13576,18700,33600,25900,37100,15000
2020-01-28,,13601,18900,32900,25200,37100,14950
2020-01-23,,14118,19500,36000,27000,38660,15350
2020-01-22,,13822,19500,36500,27300,36660,15650
2020-01-21,,13601,19400,36000,26250,36360,15750
2020-01-20,,13872,19650,37900,26800,36840,15500
2020-01-17,,13428,20200,37700,26850,38940,16000
2020-01-16,,13699,18500,37800,26850,38020,16000
2020-01-15,,13650,18150,37700,26500,39000,16050
2020-01-14,,14020,18300,38050,25900,39860,16500
2020-01-13,,13847,18500,38850,26050,39700,16200
2020-01-10,,13970,19100,35650,23500,38300,16100
2020-01-09,,13675,19450,36400,23600,37220,16200
2020-01-08,,12319,18550,35100,22650,36600,16000
2020-01-07,,12886,18250,36200,23250,36000,16100
2020-01-06,,12640,18150,35300,22900,36160,16200
2020-01-03,,12640,18250,37200,24200,37140,16600
2020-01-02,,13059,18450,37950,24100,36480,16100
2021-12-30,1033.98,123392,62800,74200,50700,138300,15400
2021-12-29,1028.05,123983,62300,74900,50300,135200,15100
2021-12-28,1027.44,129059,63600,78100,51400,140000,15400
2021-12-27,1011.36,122455,61200,74100,49200,131100,15100
2021-12-24,1007.42,123687,61100,72000,48850,126500,15000
2021-12-23,1003.31,125289,63000,70900,48700,124400,15050
2021-12-22,1000.13,125043,61600,73200,49650,125100,14400
2021-12-21,996.6,125116,62100,72100,49150,126000,14350
2021-12-20,990.51,123490,59100,70100,47000,123600,14050
2021-12-17,1001.26,125387,60700,71400,47650,120100,14350
2021-12-16,1007.86,126201,60700,71500,48450,124100,14500
2021-12-15,1003.52,126299,60900,71900,46700,119800,14400
2021-12-14,1002.81,125437,60500,73500,46850,119600,14400
2021-12-13,1005.96,126521,61200,75500,47200,123500,14550
2021-12-10,1011.57,127950,60600,76100,47650,124800,14500
2021-12-09,1022.87,134307,61800,74700,48650,131200,14600
2021-12-08,1006.04,131818,61000,73300,48250,122600,14800
2021-12-07,996.64,123761,63500,72500,48000,118100,15000
2021-12-06,991.87,124205,61000,70700,46500,119000,14900
2021-12-03,998.47,130094,60200,71800,47200,122000,14700
2021-12-02,977.43,122850,60300,64500,44350,115800,14500
2021-12-01,977.15,127580,59400,67300,45650,127700,14150
2021-11-30,965.63,133888,60100,67300,45400,131700,13650
2021-11-29,992.34,129083,61000,69800,47050,133200,14150
2021-11-26,1005.89,132902,60000,70000,47400,133000,14800
2021-11-25,1015.66,132065,60100,74200,49900,129400,15100
2021-11-24,1020.13,134726,62400,74300,50600,131700,15300
2021-11-23,1013.72,131818,61500,71400,49800,127900,15550
2021-11-22,1032.31,132804,61500,73600,50400,131200,15600
2021-11-19,1041.92,134652,58800,77200,51500,135000,15150
2021-11-18,1032.77,139826,54600,79300,54700,140200,14500
2021-11-17,1031.26,137929,54700,84000,55400,141000,14800
2021-11-16,1035.46,138101,53900,79900,54000,138500,15000
2021-11-15,1029.03,139087,54100,80400,53300,123500,15150
2021-11-12,1009.07,138717,52500,77000,51800,120000,14500
2021-11-11,992.65,138914,50700,78000,53000,121800,14250
2021-11-10,987.75,132828,51000,76100,52100,114900,14250
2021-11-09,1008.68,137362,50400,80500,54200,114300,14700
2021-11-08,1002.5,124870,50900,79400,52600,114100,14750
2021-11-05,1001.35,122973,51000,76100,51100,110200,15000
2021-11-04,1001.43,112329,51200,75600,53000,103200,14850
2021-11-03,1005.0,104715,50000,77300,52900,105000,14800
2021-11-02,1009.44,99541,49950,79400,53700,106200,15100
2021-11-01,998.57,99024,49900,80300,53300,109200,14800
2021-10-29,992.33,100995,51100,78200,52400,103900,14900
2021-10-28,1000.13,99295,50600,78000,52300,105000,15150
2021-10-27,1008.95,101759,47400,83100,53600,114800,14900
2021-10-26,1011.76,102005,47600,81700,53400,110400,15050
2021-10-25,994.31,101759,46300,74900,49000,108300,14900
2021-10-22,995.07,101759,45900,75100,50000,107000,14800
2021-10-21,993.7,101340,45900,76600,49500,107500,14400
2021-10-20,1001.62,111122,45250,79400,48950,95800,14650
2021-10-19,1005.35,111688,43600,75500,43900,97800,14650
2021-10-18,993.86,111368,43450,72800,42800,90900,14750
2021-10-15,990.54,107426,43150,76800,41950,94000,14800
2021-10-14,983.43,107672,42050,77600,42100,94800,14550
2021-10-13,953.47,108682,40800,74800,41050,92700,14400
2021-10-12,940.15,103952,42050,74800,40750,89800,14250
2021-10-08,953.11,104272,43550,76900,42200,88000,14300
2021-10-07,953.43,101315,45200,76300,43100,90700,14550
2021-10-06,922.36,101512,44350,78200,42800,85400,14100
2021-10-05,955.37,108165,46150,79000,43400,85900,14500
2021-10-01,983.2,111122,46900,71000,41400,85300,14550
2021-09-30,1003.27,115064,48900,69200,42650,80400,15350
2021-09-29,1001.46,110062,49900,63000,40200,80700,15400
2021-09-28,1012.51,115359,51500,63600,40100,84000,15600
2021-09-27,1034.82,116320,53600,63600,39700,82200,15800
2021-09-24,1037.03,115951,53900,63400,39350,87400,15800
2021-09-23,1036.26,115803,53200,64900,39750,82200,15900
2021-09-17,1046.12,112698,52700,65000,40150,82400,16300
2021-09-16,1039.43,112156,50700,64900,39700,82000,15950
2021-09-15,1042.79,109619,50700,66200,40050,84300,16100
2021-09-14,1037.74,107623,51300,64300,40250,82900,16200
2021-09-13,1026.34,99344,49650,63300,39500,80900,15900
2021-09-10,1037.91,98679,50700,63100,39800,81800,16200
2021-09-09,1034.62,88109,48800,62900,40100,84300,15850
2021-09-08,1037.22,82959,49600,63900,40100,83000,16050
2021-09-07,1054.43,80766,50600,68400,41400,84100,16400
2021-09-06,1052.96,76726,52300,65000,40700,85800,16550
2021-09-03,1053.85,77563,51800,65600,40650,88400,16500
2021-09-02,1047.19,73202,48800,66900,41300,87500,16250
2021-09-01,1045.98,75740,49300,68600,42350,89500,16450
2021-08-31,1038.33,78943,49900,69100,42650,94300,16500
2021-08-30,1031.84,78672,49500,69500,42300,102000,16500
2021-08-27,1023.51,79732,49500,72100,43800,89000,16400
2021-08-26,1020.44,79584,49350,72800,44850,87900,16450
2021-08-25,1017.78,78204,48500,72400,43900,70000,16600
2021-08-24,1013.18,78105,47000,72100,42950,72700,16500
2021-08-23,993.18,81308,43850,67300,40800,72400,16100
2021-08-20,967.9,76997,43750,63000,38800,71000,15750
2021-08-19,991.15,76750,44100,65600,40300,67500,16200
2021-08-18,1021.08,76627,45850,68000,42250,62700,16950
2021-08-17,1011.05,73843,46200,63800,43400,61800,16750
2021-08-13,1040.78,77194,48400,65300,44600,63600,16850
2021-08-12,1054.09,78401,49500,66900,45450,68100,17400
2021-08-11,1051.92,76676,50200,68500,43600,68600,17500
2021-08-10,1052.07,77144,51000,68400,43900,70300,18050
2021-08-09,1060.0,77268,52300,69700,44600,70200,18550
2021-08-06,1059.8,72167,52000,69100,43800,71500,18850
2021-08-05,1059.54,72562,51800,69300,41300,72300,19300
2021-08-04,1047.93,70566,50900,71900,40750,70800,18750
2021-08-03,1036.11,72143,51800,62700,39450,70900,18600
2021-08-02,1037.8,70591,52200,60200,40000,76100,18450
2021-07-30,1031.14,71330,51300,58800,40000,74000,18400
2021-07-29,1044.13,70073,51600,61800,40500,78400,18450
2021-07-28,1035.68,68496,51100,61400,40250,76900,18550
2021-07-27,1046.55,69851,53800,62400,40600,79000,18750
2021-07-26,1047.63,70221,51600,63800,42350,78800,18550
2021-07-23,1055.5,67116,51600,63500,41850,79400,18650
2021-07-22,1050.25,65515,51600,62600,40550,79400,18450
2021-07-21,1042.03,66427,46400,60800,40150,78000,18300
2021-07-20,1043.64,66156,46400,60800,39600,84400,18450
2021-07-19,1049.83,71379,45900,62300,39850,81400,18600
2021-07-16,1051.98,66525,45600,64000,40250,80200,18800
2021-07-15,1054.31,66427,45550,64400,40300,78500,18950
2021-07-14,1044.98,60267,43450,65400,40700,77700,18600
2021-07-13,1043.31,56941,43550,65400,39950,78600,18850
2021-07-12,1034.64,56546,43200,62300,39150,79700,18600
2021-07-09,1028.93,56275,42950,59800,38650,80300,18500
2021-07-08,1034.48,53466,43000,58500,39000,79000,18800
2021-07-07,1047.36,53737,43850,59800,39100,78200,19250
2021-07-06,1044.96,53195,44350,60300,40100,77100,19200
2021-07-05,1047.33,53023,44150,61300,40750,80700,19000
2021-07-02,1038.18,52259,44150,60800,40100,83400,18950
2021-07-01,1035.64,53343,44750,58700,40750,81600,19100
2021-06-30,1029.96,52259,46200,58800,40500,75700,19000
2021-06-29,1022.52,51569,46100,59200,39750,74400,18900
2021-06-28,1017.91,50584,45850,55100,39950,61900,19000
2021-06-25,1012.13,52308,45550,54000,40200,62100,18750
2021-06-24,1012.62,52998,45600,56500,42150,62800,18650
2021-06-23,1016.46,52678,45600,55700,42900,64500,18650
2021-06-22,1011.56,51495,45600,54000,42150,64700,18900
2021-06-21,1010.99,52604,45600,53300,43050,64700,18850
2021-06-18,1015.88,51101,46750,54800,42950,66600,19100
2021-06-17,1003.72,50140,47000,55000,40800,63900,19000
2021-06-16,998.49,47947,44150,51400,40300,64000,19150
2021-06-15,997.37,47060,43450,51000,41300,64900,19150
2021-06-14,997.41,46641,41500,47100,40850,64200,18950
2021-06-11,991.13,46617,42700,47950,39950,61900,19050
2021-06-10,987.77,45483,44250,44800,38900,61500,18850
2021-06-09,978.79,43636,44500,44350,38950,59200,18950
2021-06-08,986.12,44202,44900,43350,39500,58900,19250
2021-06-07,985.86,44079,46250,45950,39450,57800,19600
2021-06-04,987.58,43931,46200,43750,38650,57400,19650
2021-06-03,990.19,43759,46100,47000,39400,58200,19900
2021-06-02,981.1,43315,44750,44400,38800,59100,19650
2021-06-01,984.59,43512,44550,44300,39650,59700,19800
2021-05-31,981.78,43291,43950,43700,39600,60600,19800
2021-05-28,977.46,44252,44550,42700,38250,58200,19750
2021-05-27,974.08,43808,44350,42450,39000,58300,19850
2021-05-26,966.06,43266,43100,42250,38600,58400,19900
2021-05-25,962.07,42946,43700,42700,38650,58400,19900
2021-05-24,948.37,42502,43000,40100,36950,58400,19700
2021-05-21,965.63,42749,44050,40000,37050,59500,20250
2021-05-20,971.13,43438,43800,39000,38200,59000,21000
2021-05-18,969.1,41689,43500,38400,38250,59000,20300
2021-05-17,962.5,41566,43200,35950,37650,55800,20150
2021-05-14,966.72,41911,44700,33450,35900,56600,20100
2021-05-13,951.77,40186,41850,31000,33450,58100,20000
2021-05-12,967.1,42551,43750,31300,33900,57200,20300
2021-05-11,978.61,43241,43850,31650,33050,59700,20800
2021-05-10,992.8,44350,44950,32600,34000,61300,20650
2021-05-07,978.3,44202,44500,32000,33050,57500,20750
2021-05-06,969.99,44621,44850,30000,30950,55400,20100
2021-05-04,967.2,44005,45450,29550,31550,55300,18750
2021-05-03,961.81,42822,43000,29800,31500,55000,18900
2021-04-30,983.45,44596,45900,30200,32900,56400,18800
2021-04-29,990.69,44621,44800,30150,33350,56700,18950
2021-04-28,998.27,45705,45700,30350,33350,57000,19250
2021-04-27,1021.01,47578,47000,30650,33950,59400,19850
2021-04-26,1030.06,47947,48750,30000,33800,60500,20000
2021-04-23,1026.82,46297,47250,29700,33800,61600,20100
2021-04-22,1025.71,45286,47100,29950,34150,62000,20050
2021-04-21,1022.22,44572,48550,29950,33850,64000,20000
2021-04-20,1031.88,45385,47900,30400,34500,66600,19950
2021-04-19,1029.46,46173,47300,30400,34350,68500,20100
2021-04-16,1021.62,45508,44950,30800,34800,67000,19450
2021-04-12,1000.65,44473,42650,30400,34050,67300,19000
2021-04-09,989.39,40975,42200,30200,34300,65400,18900
2021-04-08,982.02,40827,42600,30350,34950,64620,19000
2021-04-07,973.22,40999,44000,30700,35000,65300,19200
2021-04-06,968.63,40728,44500,29850,34400,65880,19100
2021-04-05,969.77,41122,43500,29650,34550,64380,18800
2021-04-02,970.09,41369,41250,29700,34900,65040,18550
2021-04-01,965.78,40654,41500,29950,34700,64680,18550
2021-03-31,956.17,40161,38850,29600,35600,61620,18500
2021-03-30,958.06,40679,39100,29550,35600,60340,18200
2021-03-29,954.1,39718,38000,29450,34850,60280,18050
2021-03-26,956.7,39151,38400,29800,35700,61060,18450
2021-03-25,954.99,39225,37550,29850,36500,59440,18800
2021-03-24,953.82,38634,39200,29750,36150,62100,18750
2021-03-23,946.31,38511,39500,29650,35400,60060,19100
2021-03-22,955.38,39127,37800,30050,35400,59740,19350
2021-03-19,952.11,39373,35700,30200,35350,59000,19100
2021-03-18,949.83,38856,35200,30150,35200,59020,19200
2021-03-17,943.78,38658,35450,30100,35150,59940,19100
2021-03-16,940.65,40334,34450,30350,35000,61840,19300
2021-03-15,926.9,41911,34050,30250,34300,60340,18850
2021-03-12,925.49,42280,34250,30600,34500,60220,18800
2021-03-11,908.01,41147,33700,31800,34300,59280,18550
2021-03-10,890.07,38387,31650,30200,33300,56740,18500
2021-03-09,896.36,37722,32050,30900,34200,56700,18500
2021-03-08,904.77,37969,32500,31700,35700,56620,19100
2021-03-05,923.48,39447,33800,32800,37450,58600,19500
2021-03-04,926.2,39964,34400,32200,36950,58680,19600
2021-03-03,930.8,40359,35000,32200,37950,60540,19900
2021-03-02,923.17,39989,35600,30200,37800,59500,19950
2021-02-26,913.94,39989,36300,30050,36500,57880,19800
2021-02-25,936.21,40901,36600,30600,37450,58000,19950
2021-02-24,906.31,39964,34600,30000,35500,57940,19500
2021-02-23,936.6,41862,36650,30300,35500,62800,20000
2021-02-22,954.29,43463,35800,29950,35650,62960,20300
2021-02-19,965.11,44769,38100,30450,36700,63940,20600
2021-02-18,967.42,44350,33900,30600,37000,68360,20700
2021-02-17,979.77,45089,33550,30900,37600,68080,21150
2021-02-16,977.74,46026,32350,31300,36450,74140,21400
2021-02-15,981.97,45952,31400,30750,34150,70200,21300
2021-02-10,964.31,46026,29900,30800,33800,72220,20950
2021-02-09,957.85,45853,29850,30050,33150,73540,20800
2021-02-08,960.78,46099,29600,30450,33400,79000,20300
2021-02-05,967.42,46444,29900,30250,33350,80400,20250
2021-02-04,964.58,46370,29000,30700,33450,70000,19950
2021-02-03,970.69,46691,28000,31300,34300,67000,20150
2021-02-02,963.81,45902,27800,31400,34100,67200,20150
2021-02-01,956.92,46272,27900,30900,33600,66400,19750
2021-01-29,928.73,45212,27000,30600,32500,62980,19650
2021-01-28,961.23,46592,27950,31800,34150,63860,20400
2021-01-27,985.92,48563,29150,32600,35200,63160,21350
2021-01-26,994.0,47602,30000,32900,36400,56600,21950
2021-01-25,999.3,47800,30550,33750,37700,55720,21450
2021-01-22,979.98,47824,30400,32400,38000,54360,21450
2021-01-21,981.4,47257,31000,31250,37850,53160,22100
2021-01-20,977.66,47479,31500,31300,38500,54600,21500
2021-01-19,957.75,46814,30850,30300,36500,53380,21200
2021-01-18,944.67,46370,31050,29550,35900,54060,20650
2021-01-15,964.44,47652,31200,29900,36250,53280,20900
2021-01-14,980.29,48662,28950,30900,37050,53440,21050
2021-01-13,979.13,46321,28950,30650,37000,53580,21200
2021-01-12,973.72,46198,29750,28950,36900,53560,21150
2021-01-11,976.63,47676,29800,29000,36200,52160,21500
2021-01-08,987.79,47800,29650,29900,37800,52000,21950
2021-01-07,988.86,45730,30800,29200,36650,50800,21750
2021-01-06,981.39,45065,30950,29000,36700,50720,21000
2021-01-05,985.76,45779,31350,29250,37250,50660,21200
2021-01-04,977.62,46124,30600,29550,37550,50400,21200
2022-12-29,679.29,92100,32700,76700,67800,41950,10100
2022-12-28,692.37,92200,33350,76000,66900,43000,10500
2022-12-27,704.19,97900,34850,79300,68200,44400,11100
2022-12-26,694.68,97300,34800,79100,67300,43400,11050
2022-12-23,691.25,97000,33100,77100,66900,41900,10900
2022-12-22,715.02,101200,35050,79800,67900,44600,11050
2022-12-21,705.7,99800,34050,78000,66200,43500,10950
2022-12-20,703.13,99700,34350,78500,66300,43200,10650
2022-12-19,717.22,100200,35250,81200,67500,45100,10800
2022-12-16,717.41,101000,34550,78000,65200,43900,10750
2022-12-15,722.68,102000,35600,77800,64200,45050,11000
2022-12-14,729.0,104500,36100,79100,65300,46500,11100
2022-12-13,715.16,102300,34300,78800,63800,44750,10900
2022-12-12,715.22,101400,33700,79400,65100,46300,10700
2022-12-09,719.49,101000,34950,79000,65000,44650,10800
2022-12-08,712.52,103500,34150,78000,63400,43450,10600
2022-12-07,718.14,105000,34300,79200,63300,42950,10700
2022-12-06,719.44,104400,34750,79200,63800,44050,10850
2022-12-05,733.32,106700,36250,81400,64200,45800,10950
2022-12-02,732.95,109900,35200,82100,64500,44750,10900
2022-12-01,740.6,115100,36300,81700,64600,44850,11250
2022-11-30,729.54,113800,35150,79300,60600,43500,11100
2022-11-29,727.54,110500,35550,80300,61200,43800,11100
2022-11-28,717.9,109500,35500,77500,60300,42700,11000
2022-11-25,733.56,113400,36550,77200,61600,44000,11200
2022-11-24,738.22,108800,37450,77200,61700,44800,11300
2022-11-23,725.59,105300,36550,76700,61200,43900,11250
2022-11-22,712.26,102500,35800,73400,59100,41700,11100
2022-11-21,718.57,105400,36550,75200,59400,43300,11150
2022-11-18,731.92,109300,38150,73900,59500,43250,11450
2022-11-17,737.54,110800,38800,73900,61500,44000,11250
2022-11-16,743.1,112500,39050,71700,60300,44500,11300
2022-11-15,744.96,116600,37150,68100,58200,44000,11250
2022-11-14,729.54,115700,34450,65800,56800,41900,11000
2022-11-11,731.22,110600,35300,65500,56800,41850,11250
2022-11-10,707.78,106900,32850,62900,56000,39750,11050
2022-11-09,714.6,109100,33850,63400,55300,43350,11200
2022-11-08,713.33,108800,34250,64800,54800,46100,11050
2022-11-07,700.48,108700,32100,64000,53200,45700,10700
2022-11-04,693.89,110000,30700,63000,53000,44750,10600
2022-11-03,694.13,111600,30200,63900,52900,42800,10450
2022-11-02,697.37,109700,30000,65100,55500,44700,10650
2022-11-01,700.05,115500,30600,66900,55500,41600,10650
2022-10-31,695.33,115100,30650,71100,55500,41600,10450
2022-10-28,687.63,114400,30000,71500,54800,40800,10350
2022-10-27,695.09,110900,32400,72800,55400,41500,10500
2022-10-26,683.17,103300,32450,69800,54100,40300,10400
2022-10-25,688.85,103500,33750,70200,55300,40950,10350
2022-10-24,688.5,107000,31200,67000,54300,41100,10300
2022-10-21,674.48,106400,28850,65000,51800,40350,10000
2022-10-20,680.44,102000,28600,65300,52900,40100,10200
2022-10-19,690.56,106200,30350,67400,55100,41350,10050
2022-10-18,697.09,104800,31100,69200,56800,41400,10200
2022-10-17,682.0,109100,31250,68700,57400,40000,10000
2022-10-14,678.24,104800,31250,69200,57000,40700,10000
2022-10-13,651.59,104700,30500,63200,54600,37750,9620
2022-10-12,671.67,99500,31600,63400,56500,42100,10000
2022-10-11,669.5,98400,31100,61600,53300,41900,9970
2022-10-07,698.49,97000,31900,66600,55700,45100,10250
2022-10-06,706.01,96700,32450,66600,56700,45750,10450
2022-10-05,685.34,91400,31200,66900,57100,44700,10200
2022-10-04,696.79,92400,30950,70000,59600,48100,10400
2022-09-30,672.65,88100,28750,70800,58800,46650,10150
2022-09-29,675.07,90800,29450,70200,58100,46600,10050
2022-09-28,673.87,92100,29950,67800,54700,45600,10100
2022-09-27,698.11,95100,31000,73100,58400,49050,10500
2022-09-26,692.37,92300,31550,70600,57100,52100,10200
2022-09-23,729.36,101100,32750,74000,59800,53300,10600
2022-09-22,751.41,107900,33850,77100,60400,54900,11050
2022-09-21,754.89,104000,34250,77400,62400,55900,11200
2022-09-20,760.35,102000,34650,77000,62300,55700,11550
2022-09-19,751.91,100000,34750,73300,61300,54500,11650
2022-09-16,770.04,99700,33500,76500,61700,54000,11850
2022-09-15,781.38,103600,34250,64500,61600,55300,11100
2022-09-14,782.93,107000,34250,65600,61100,55400,11150
2022-09-13,796.79,108400,36600,68300,63000,57400,11450
2022-09-08,777.81,108000,33450,67600,63000,55000,11100
2022-09-07,768.19,104300,33750,67200,61600,53100,11000
2022-09-06,779.46,103800,34400,67000,61500,55700,11250
2022-09-05,771.43,102900,34150,66600,61400,55100,11100
2022-09-02,785.88,106100,34800,67600,60900,54100,11150
2022-09-01,788.32,106600,36350,68000,59600,54100,11150
2022-08-31,807.04,112200,38050,69200,61100,56800,11550
2022-08-30,797.02,112100,37600,67400,60300,55900,11450
2022-08-29,779.89,111900,36400,66100,58900,54100,11050
2022-08-26,802.45,114200,38100,68200,60700,55900,11500
2022-08-25,807.37,116400,38150,67400,61700,57100,11550
2022-08-24,793.14,115300,36950,66800,60400,56200,11400
2022-08-23,783.42,111500,37250,66100,58400,56000,11350
2022-08-22,795.87,113000,38050,67800,59200,57100,11200
2022-08-19,814.17,114000,39000,68600,60000,57800,11550
2022-08-18,826.06,117700,39400,70300,61000,57800,11550
2022-08-17,827.42,119200,38300,70300,59300,57700,11450
2022-08-16,834.74,118100,38800,76200,61200,58400,11400
2022-08-12,831.63,118500,38300,75000,59000,56800,11350
2022-08-11,832.15,121400,37150,75000,59100,59700,11300
2022-08-10,820.27,122400,36450,72900,56800,60600,10850
2022-08-09,833.65,123300,37650,75900,59200,61300,11200
2022-08-08,830.86,121600,38200,74500,57400,61000,11300
2022-08-05,831.64,124000,38700,73000,57000,59700,11350
2022-08-04,825.16,128000,38200,72700,57300,59200,11150
2022-08-03,815.36,127500,38100,72400,57900,57400,11100
2022-08-02,804.34,125500,38600,68800,55400,52400,11000
2022-08-01,807.61,127700,39900,68000,54900,52700,11100
2022-07-29,803.62,119400,40450,69100,55500,53300,11300
2022-07-28,798.32,118900,40700,67900,55400,51700,11150
2022-07-27,795.7,117200,42350,68200,55200,51100,11050
2022-07-26,789.93,117300,42850,71200,56000,52000,11000
2022-07-25,789.69,118100,42800,72500,57100,53000,10950
2022-07-22,789.75,117600,42900,70800,55700,52100,10850
2022-07-21,795.15,115000,43100,71400,56500,53300,11000
2022-07-20,790.72,109900,42700,70900,56500,52700,10850
2022-07-19,782.33,110600,43100,69600,55800,52600,10900
2022-07-18,776.72,109800,43600,69300,55100,52500,10850
2022-07-15,762.39,111500,42000,69800,55100,51800,10600
2022-07-14,766.08,117000,41400,70500,55300,52500,10550
2022-07-13,763.18,120000,41400,68500,54800,51800,10450
2022-07-12,750.78,110900,41350,67000,52400,49850,10150
2022-07-11,767.04,114600,43650,68300,53500,51500,10550
2022-07-08,766.48,118900,43600,68500,53400,52600,10600
2022-07-07,757.97,116400,44000,65300,52600,52300,10650
2022-07-06,744.63,115000,42400,64800,51900,51800,10400
2022-07-05,750.95,120400,44200,64800,50200,51900,10550
2022-07-04,722.73,111800,43200,64600,49550,50500,10150
2022-07-01,729.48,108600,44500,61900,48000,49250,10150
2022-06-30,745.44,113500,47900,63100,48250,51100,10500
2022-06-29,762.35,121400,49200,64500,49200,52600,10800
2022-06-28,769.51,127900,51100,66600,50600,53700,10950
2022-06-27,770.6,135900,51900,68000,52100,53900,10950
2022-06-24,750.3,124350,49000,66100,51800,53900,10800
2022-06-23,714.38,117800,47400,60700,47450,50500,10200
2022-06-22,746.96,130500,48900,64500,49000,51800,10400
2022-06-21,778.3,130750,52400,69400,53700,54200,11100
2022-06-20,769.92,129725,52000,69200,54000,52900,11000
2022-06-17,798.69,129925,53500,69200,53800,55600,11550
2022-06-16,802.15,130500,55700,69800,54800,55400,11800
2022-06-15,799.41,128050,55700,67100,54300,55600,11950
2022-06-14,823.58,133975,57500,67400,54700,58100,12100
2022-06-13,828.77,127875,58300,68500,56300,58500,12100
2022-06-10,869.86,127975,60100,70900,58400,62000,12800
2022-06-09,877.18,125700,62700,70300,59400,63400,12700
2022-06-08,874.95,121375,62200,67900,58700,62300,12600
2022-06-07,873.78,120275,62700,65500,55300,61000,12700
2022-06-03,891.51,123950,64600,66900,55300,61600,12800
2022-06-02,891.14,125800,64600,67000,55400,61900,12750
2022-05-31,893.36,126250,64400,69500,56900,63400,12800
2022-05-30,886.44,122300,62200,70300,56600,62700,12650
2022-05-27,873.97,116775,62300,68800,54400,62600,12350
2022-05-26,871.43,116450,61900,67600,53300,62900,12250
2022-05-25,872.69,118750,63100,68000,54100,63200,12300
2022-05-24,865.07,119625,61500,68000,52900,60000,12150
2022-05-23,883.59,124100,61900,68700,53500,61000,12450
2022-05-20,879.88,123350,61700,71800,54400,60300,12450
2022-05-19,863.8,118700,62100,70200,54600,57600,12300
2022-05-18,871.57,118975,60900,71400,57000,58100,12450
2022-05-17,865.98,117375,61300,68700,57000,59400,12400
2022-05-16,856.25,112375,60400,61300,56600,57500,12100
2022-05-13,853.08,112375,61900,60400,54700,58300,12000
2022-05-12,833.66,111525,60000,58000,53900,57500,11750
2022-05-11,866.34,119100,62200,61500,56500,61200,12400
2022-05-10,856.14,119225,60400,61700,56700,61200,12600
2022-05-09,860.84,120250,59300,61200,56200,60700,12850
2022-05-06,884.22,122825,60500,66500,59800,62300,13200
2022-05-04,900.06,128147,61600,67900,60000,65500,13600
2022-05-03,907.57,125905,65900,68300,60100,65700,13650
2022-05-02,901.82,120731,63100,67000,59500,67800,13500
2022-04-29,904.75,117380,63000,68200,59400,68200,13600
2022-04-28,892.22,111245,63800,68400,58900,67000,13400
2022-04-27,896.18,110826,64800,68800,60300,74200,13300
2022-04-26,911.16,111048,66200,68600,60000,98000,13450
2022-04-25,899.84,112156,65200,67500,58600,91600,13350
2022-04-22,922.78,116715,64800,68900,57600,93800,13750
2022-04-21,929.68,116912,64800,70500,58900,93400,13850
2022-04-20,928.93,117060,64000,71400,58900,96800,13800
2022-04-19,931.56,118267,61500,73800,60600,102400,13850
2022-04-18,918.23,115064,60600,72400,58800,102600,13550
2022-04-15,924.44,112969,60700,77200,63400,107200,13500
2022-04-14,928.01,113043,60400,76900,62100,105000,13650
2022-04-13,927.31,114423,60900,76400,63500,100600,13650
2022-04-12,913.82,109249,60700,74700,62500,100600,13450
2022-04-11,921.83,112600,59700,74900,64500,97800,13550
2022-04-08,934.73,115433,57600,77000,64700,98700,13700
2022-04-07,927.95,105972,53700,77900,62600,103000,13600
2022-04-06,943.13,104420,54100,80400,62600,103500,13700
2022-04-05,952.47,102227,55800,80500,62000,105800,14050
2022-04-04,947.32,95772,55000,82200,62400,104200,14050
2022-04-01,940.57,96166,55300,85900,62900,101300,14000
2022-03-31,944.53,97989,55700,81600,61400,99500,14100
2022-03-30,939.07,95722,56000,79600,60800,101600,14050
2022-03-29,937.83,94490,56300,76000,57500,100600,14050
2022-03-28,927.11,92273,56200,75200,57100,100100,13950
2022-03-25,934.69,94885,52600,77800,57200,105300,13950
2022-03-24,931.75,94244,51100,77200,57500,107600,13950
2022-03-23,930.57,96387,51200,75200,57000,107600,13850
2022-03-22,924.67,89291,51400,76600,56300,106500,13900
2022-03-21,918.4,89365,51700,73900,51900,105300,13650
2022-03-18,922.96,89316,51600,76500,52800,106900,13800
2022-03-17,914.13,88281,51800,75000,52400,101700,13750
2022-03-16,891.8,83625,50000,79200,53300,98300,13550
2022-03-15,871.22,80446,48000,79800,53000,94500,13200
2022-03-14,872.44,79436,47450,80000,52800,98000,13300
2022-03-11,891.71,84240,50300,79900,53300,98500,13550
2022-03-10,889.08,88528,51700,77300,52000,104500,13450
2022-03-08,870.14,85817,50200,73500,50000,103600,13300
2022-03-07,881.54,93973,51000,74700,50200,100700,13300
2022-03-04,900.96,95303,53200,75500,50600,98500,13500
2022-03-03,912.32,96708,53100,75000,50600,101600,13650
2022-03-02,895.45,96954,53200,75200,51200,100600,13500
2022-02-28,881.07,92445,51700,74200,49850,95100,13300
2022-02-25,872.98,88700,51300,71400,49250,94700,13250
2022-02-24,848.21,80224,49950,70500,47500,93700,13050
2022-02-23,877.33,85127,52000,71600,48550,96000,13400
2022-02-22,868.11,85694,52200,71800,48500,95200,13250
2022-02-21,884.25,84659,53300,70800,47900,95600,13550
2022-02-18,881.71,85694,53500,67300,44650,94600,13450
2022-02-17,874.22,86335,55400,66600,44350,96100,13400
2022-02-16,878.15,84413,56100,68100,44450,101000,13600
2022-02-15,839.92,81555,52700,65300,41800,92700,13050
2022-02-14,852.79,81407,54200,65300,42650,95000,13200
2022-02-11,877.42,82048,55500,65500,42800,93800,13750
2022-02-10,895.68,78598,57300,66800,43700,96100,14600
2022-02-09,910.53,81875,56500,68800,44500,98700,14900
2022-02-08,895.27,79411,56200,66200,44200,97000,14650
2022-02-07,899.4,80224,55800,67200,44000,94100,15150
2022-02-04,902.87,83625,58500,67300,44250,97800,15000
2022-02-03,891.6,83526,54900,62200,42150,92500,14850
2022-01-28,872.87,80890,55000,58900,41000,94200,14800
2022-01-27,849.23,80348,53600,56000,38350,93200,14300
2022-01-26,882.09,80939,54200,60500,40200,99000,14800
2022-01-25,889.44,100108,55500,63500,41850,101600,15150
2022-01-24,915.4,98654,56500,63900,42050,105000,15550
2022-01-21,942.85,106884,55600,69200,44500,114000,15700
2022-01-20,958.7,112107,57800,69500,45400,112700,16500
2022-01-19,933.9,106416,56600,66300,44000,107500,16200
2022-01-18,943.94,107992,58100,67900,45050,109000,16350
2022-01-17,957.9,107204,58600,68400,44700,111900,16850
2022-01-14,971.39,106687,58500,68200,44400,113800,16650
2022-01-13,983.25,109175,57500,69000,45500,113900,16250
2022-01-12,991.33,109643,57500,67500,45900,118700,16600
2022-01-11,969.92,104592,58600,66000,45700,116000,16550
2022-01-10,980.38,107647,56600,63400,45250,116100,15650
2022-01-07,995.16,111072,57900,63700,45750,119400,15100
2022-01-06,980.3,111491,56600,61900,44850,116800,15000
2022-01-05,1009.62,114694,59100,66600,46950,125800,15000
2022-01-04,1031.66,117035,62500,70700,48050,130500,15300
2022-01-03,1037.83,118267,62500,73600,50700,134000,15600
